Rank,Category,Template,Size,Files,HTML_Pages,TechStack,Features,Tier,PriceMin,PriceMax,VisualScore,FunctionScore,ValueScore,CompositeScore,Economies
1,photography-wedding,nextjs-wedding-photographer-website,322.9M,1003,0,React|Next.js|Three.js|Tailwind,Docker|Three.js|Next.js|TypeScript|Tailwind|React|FramerMotion,S,5000,10000,10,10,10,10.0,"USA,Canada,UK,Australia,Switzerland,Germany,France"
2,fashion,Fashion-eCommerce-Shop-in-React,107.3M,163,1,React|Tailwind,React|Ecommerce|Tailwind|TypeScript,S,4000,8000,7,10,10,9.0,"USA,Canada,UK,Australia,France,Switzerland,Germany"
3,3d-websites,Sayanth-portfolio,88.0M,114,1,React|Three.js,React|Three.js|TypeScript,A,2000,5000,9,7,8,8.0,"USA,Canada,UK,Australia,Switzerland,Germany,France"
4,portfolios,masterPortfolio,78.7M,1900,2,React|Bootstrap,React|Bootstrap|Docker,A,2000,5000,7,9,8,8.0,"USA,Canada,UK,Australia,Switzerland,Germany,France"
5,portfolios,hashir-home,69.6M,87,1,React,React,A,2000,5000,10,6,8,8.0,"USA,Canada,UK,Australia,Switzerland,Germany,France"
6,portfolios,said7388-portfolio,45.0M,226,0,React|Next.js|Bootstrap|Tailwind,Docker|Next.js|Tailwind|React|Bootstrap,A,2000,5000,7,9,8,8.0,"USA,Canada,UK,Australia,Switzerland,Germany,France"
7,tourism,Travel_Website,824.5M,583,75,Bootstrap,Bootstrap,A,2000,5000,7,8,8,7.7,"USA,Canada,UK,Australia,France,Switzerland,Germany"
8,landing-pages,awesome-landing-pages,79.2M,554,23,Tailwind,Tailwind,A,2000,5000,7,8,8,7.7,"USA,Canada,UK,Australia,Switzerland,Germany,France"
9,cafe-restaurant,techmahr_dinecraft,72.9M,155,18,Bootstrap,Bootstrap,A,2000,5000,7,8,8,7.7,"USA,Canada,UK,Australia,France,Switzerland,Germany"
10,news,themefisher_newsbit,27.1M,320,76,Bootstrap,Bootstrap,A,2000,5000,7,8,8,7.7,"USA,Canada,UK,Australia,Switzerland,Germany,France"
11,medical,themefisher_medic,17.2M,309,34,Bootstrap,Bootstrap,A,2000,5000,6,8,8,7.3,"USA,Canada,UK,Australia,Switzerland,Germany,France"
12,gym-fitness,ajay_gym,13.3M,135,13,Bootstrap,Bootstrap,A,2000,5000,6,8,8,7.3,"USA,Canada,UK,Australia,Switzerland,Germany,France"
13,portfolios,nextjs-portfolio-starter,12.2M,86,0,React|Next.js,React|Next.js|FramerMotion,B,500,2000,8,8,6,7.3,"USA,Canada,UK,Australia,Switzerland,Germany,France"
14,portfolios,developer-portfolio,8.3M,98,0,React|Next.js,React|Docker|Next.js|TypeScript,B,500,2000,6,10,6,7.3,"USA,Canada,UK,Australia,Switzerland,Germany,France"
15,3d-websites,my-portfolio-website,7.4M,109,1,React|Three.js,React|Three.js|TypeScript,B,500,2000,9,7,6,7.3,"USA,Canada,UK,Australia,Switzerland,Germany,France"
16,real-estate,cora_estate,53.5M,174,1,React,React,A,2000,5000,7,6,8,7.0,"USA,Canada,UK,Australia,Switzerland,Germany,France"
17,portfolios,developerFolio,32.5M,162,1,React,React|Docker,B,500,2000,7,8,6,7.0,"USA,Canada,UK,Australia,Switzerland,Germany,France"
18,threejs,nftai-3d-marketplace,24.9M,192,6,Bootstrap,Bootstrap|Three.js,B,500,2000,9,6,6,7.0,"USA,Canada,UK,Australia,Switzerland,Germany,France"
19,photography,react-photographer-portfolio-website-template,6.7M,88,2,React,React|FramerMotion,B,500,2000,8,7,6,7.0,"USA,Canada,UK,Australia,Switzerland,Germany,France"
20,portfolios,gitprofile,6.7M,85,1,React,React|Docker|Tailwind|TypeScript,B,500,2000,6,9,6,7.0,"USA,Canada,UK,Australia,Switzerland,Germany,France"
21,education-school,giathi_education,7.5M,123,15,Bootstrap,Bootstrap,B,500,2000,6,8,6,6.7,"USA,Canada,UK,Australia,Switzerland,Germany,France"
22,wedding-planning,wedding-template,4.9M,108,0,React|Next.js,React|Next.js|TypeScript,B,500,2000,6,8,6,6.7,"USA,Canada,UK,Australia,Switzerland,Germany,France"
23,agency-business,pinak_agency,637.7K,100,0,React|Next.js,React|Tailwind|Next.js|TypeScript,B,500,2000,6,8,6,6.7,"USA,Canada,UK,Australia,Switzerland,Germany,France"
24,portfolios,Portfolio,29.7M,104,1,React|Bootstrap,React|Bootstrap,B,500,2000,7,6,6,6.3,"USA,Canada,UK,Australia,Switzerland,Germany,France"
25,education-school,cora_university,23.9M,98,1,React|Bootstrap,React|Bootstrap,B,500,2000,7,6,6,6.3,"USA,Canada,UK,Australia,Switzerland,Germany,France"
26,threejs,robotai-3d-website,5.6M,41,1,Static,Three.js|Static,B,500,2000,8,5,6,6.3,"USA,Canada,UK,Australia,Switzerland,Germany,France"
27,attorney,businessline-corporate,5.6M,97,1,Three.js|Bootstrap,Bootstrap|Three.js,B,500,2000,8,5,6,6.3,"USA,Canada,UK,Australia,Switzerland,Germany,France"
28,medical,themixly_medical,4.0M,125,0,React|Next.js,React|Next.js,B,500,2000,6,7,6,6.3,"USA,Canada,UK,Australia,Switzerland,Germany,France"
29,dentist,nextjs-dental-website-template,3.9M,129,0,React|Next.js,React|Next.js,B,500,2000,6,7,6,6.3,"USA,Canada,UK,Australia,Switzerland,Germany,France"
30,medical,themixly_ortho,3.8M,131,0,React|Next.js,React|Next.js,B,500,2000,6,7,6,6.3,"USA,Canada,UK,Australia,Switzerland,Germany,France"
31,construction,nextjs-construction-website-template,3.2M,120,0,React|Next.js,React|Next.js,B,500,2000,6,7,6,6.3,"USA,Canada,UK,Australia,Switzerland,Germany,France"
32,event-wedding,react-event-planner-website-template,830.1K,72,1,React|Tailwind,React|Tailwind|TypeScript,B,500,2000,6,7,6,6.3,"USA,Canada,UK,Australia,Switzerland,Germany,France"
33,real-estate,amozo_houses,565.5K,73,0,React|Tailwind,React|Tailwind|TypeScript,B,500,2000,6,7,6,6.3,"USA,Canada,UK,Australia,Switzerland,Germany,France"
34,tutoring,Coaching-Web-main,47.7M,18,8,Bootstrap,Bootstrap,B,500,2000,6,6,6,6.0,"USA,Canada,UK,Australia,Switzerland,Germany,France"
35,cafe-restaurant,Restoran,39.2M,142,5,Bootstrap,Bootstrap,B,500,2000,6,6,6,6.0,"USA,Canada,UK,Australia,France,Switzerland,Germany"
36,pizza-bar,Pizza Delicacies,26.9M,43,5,Static,Static,B,500,2000,6,6,6,6.0,"USA,Canada,UK,Australia,Switzerland,Germany,France"
37,cafe-restaurant,shabbir_restoran,22.9M,143,5,Bootstrap,Bootstrap,B,500,2000,6,6,6,6.0,"USA,Canada,UK,Australia,France,Switzerland,Germany"
38,agriculture-farming,themewagon_agriculture,20.3M,151,7,Bootstrap,Bootstrap,B,500,2000,6,6,6,6.0,"USA,Canada,UK,Australia,Switzerland,Germany,France"
39,spa-beauty,beauty-salon,4.7M,82,10,Static,Static,C,100,500,6,8,4,6.0,"USA,Canada,UK,Australia,Switzerland,Germany,France"
40,portfolios,reactfolio,4.0M,93,1,React,React,B,500,2000,6,6,6,6.0,"USA,Canada,UK,Australia,Switzerland,Germany,France"
41,portfolios,cleanfolio,1.4M,64,1,React,React,B,500,2000,6,6,6,6.0,"USA,Canada,UK,Australia,Switzerland,Germany,France"
42,dentist,The-Dentist,70.1M,43,1,Bootstrap,Bootstrap,B,500,2000,6,5,6,5.7,"USA,Canada,UK,Australia,Switzerland,Germany,France"
43,real-estate,elsewailky_estatex,51.7M,135,3,Bootstrap,Bootstrap,B,500,2000,6,5,6,5.7,"USA,Canada,UK,Australia,Switzerland,Germany,France"
44,portfolios,portfolio-template,43.6M,85,1,Static,Static,B,500,2000,6,5,6,5.7,"USA,Canada,UK,Australia,Switzerland,Germany,France"
45,university,patrick_ze-university,38.7M,72,1,Bootstrap,Bootstrap,B,500,2000,6,5,6,5.7,"USA,Canada,UK,Australia,Switzerland,Germany,France"
46,it-services,collections_aditya8Raj_webAgency,37.0M,76,3,Bootstrap,Bootstrap,B,500,2000,6,5,6,5.7,"USA,Canada,UK,Australia,Switzerland,Germany,France"
47,portfolios,devfolio-mmacneil,34.5M,56,1,Static,Static,B,500,2000,6,5,6,5.7,"USA,Canada,UK,Australia,Switzerland,Germany,France"
48,cafe-restaurant,restaurant-website,33.2M,38,1,Bootstrap,Bootstrap,B,500,2000,6,5,6,5.7,"USA,Canada,UK,Australia,France,Switzerland,Germany"
49,portfolios,nisar-portfolio-template,31.7M,56,1,Static,Static,B,500,2000,6,5,6,5.7,"USA,Canada,UK,Australia,Switzerland,Germany,France"
50,creative,learning-zone_themer-bootstrap-responsive-web-template,4.6M,94,1,Three.js|Bootstrap,Bootstrap|Three.js,C,100,500,8,5,4,5.7,"USA,Canada,UK,Australia,Switzerland,Germany,France"
51,sports,dawidolko_fitness_zone,4.2M,110,1,Three.js|Bootstrap,Bootstrap|Three.js,C,100,500,8,5,4,5.7,"USA,Canada,UK,Australia,Switzerland,Germany,France"
52,pet-animal,vibrant-corporate,4.0M,95,1,Three.js|Bootstrap,Bootstrap|Three.js,C,100,500,8,5,4,5.7,"USA,Canada,UK,Australia,Switzerland,Germany,France"
53,agency-business,learning-zone_vibrant-corporate-bootstrap-responsive-website-template,4.0M,95,1,Three.js|Bootstrap,Bootstrap|Three.js,C,100,500,8,5,4,5.7,"USA,Canada,UK,Australia,Switzerland,Germany,France"
54,tourism,learning-zone_traveller-bootstrap-responsive-web-template,4.0M,99,1,Three.js|Bootstrap,Bootstrap|Three.js,C,100,500,8,5,4,5.7,"USA,Canada,UK,Australia,France,Switzerland,Germany"
55,app,learning-zone_line-free-app-landing-page-responsive-web-template,3.3M,92,1,Three.js|Bootstrap,Bootstrap|Three.js,C,100,500,8,5,4,5.7,"USA,Canada,UK,Australia,Switzerland,Germany,France"
56,veterinarian,medplus-medical,3.2M,108,1,Three.js|Bootstrap,Bootstrap|Three.js,C,100,500,8,5,4,5.7,"USA,Canada,UK,Australia,Switzerland,Germany,France"
57,pharmacy,medplus-medical,3.2M,108,1,Three.js|Bootstrap,Bootstrap|Three.js,C,100,500,8,5,4,5.7,"USA,Canada,UK,Australia,Switzerland,Germany,France"
58,medical,learning-zone_medplus-medical,3.2M,108,1,Three.js|Bootstrap,Bootstrap|Three.js,C,100,500,8,5,4,5.7,"USA,Canada,UK,Australia,Switzerland,Germany,France"
59,portfolio-gallery,learning-zone_times-corporate-portfolio-bootstrap-responsive-web-template,3.2M,101,1,Three.js|Bootstrap,Bootstrap|Three.js,C,100,500,8,5,4,5.7,"USA,Canada,UK,Australia,Switzerland,Germany,France"
60,party,times-corporate,3.2M,101,1,Three.js|Bootstrap,Bootstrap|Three.js,C,100,500,8,5,4,5.7,"USA,Canada,UK,Australia,Switzerland,Germany,France"
61,gardening-landscaping,ideal-interior-design,3.1M,99,1,Three.js|Bootstrap,Bootstrap|Three.js,C,100,500,8,5,4,5.7,"USA,Canada,UK,Australia,Switzerland,Germany,France"
62,furniture-interior,learning-zone_ideal-interior-design-free-bootstrap-website-template,3.1M,99,1,Three.js|Bootstrap,Bootstrap|Three.js,C,100,500,8,5,4,5.7,"USA,Canada,UK,Australia,Switzerland,Germany,France"
63,jewelry,darktouch-corporate,3.0M,100,1,Three.js|Bootstrap,Bootstrap|Three.js,C,100,500,8,5,4,5.7,"USA,Canada,UK,Australia,Switzerland,France,Germany"
64,organic,learning-zone_green-corp-flat-free-responsive-mobile-website,2.7M,89,1,Three.js|Bootstrap,Bootstrap|Three.js,C,100,500,8,5,4,5.7,"USA,Canada,UK,Australia,Switzerland,Germany,France"
65,cctv-security,city-square,2.7M,99,1,Three.js|Bootstrap,Bootstrap|Three.js,C,100,500,8,5,4,5.7,"USA,Canada,UK,Australia,Switzerland,Germany,France"
66,wedding-planning,learning-zone_the-best-wedding-free-bootstrap-template,2.2M,57,1,Three.js|Bootstrap,Bootstrap|Three.js,C,100,500,8,5,4,5.7,"USA,Canada,UK,Australia,Switzerland,Germany,France"
67,app,learning-zone_mobile-app-free-one-page-responsive-html5-landing-page,2.0M,75,1,Three.js|Bootstrap,Bootstrap|Three.js,C,100,500,8,5,4,5.7,"USA,Canada,UK,Australia,Switzerland,Germany,France"
68,technology-saas,learning-zone_webtrends-free-bootstrap-responsive-web-template,1.7M,74,1,Three.js|Bootstrap,Bootstrap|Three.js,C,100,500,8,5,4,5.7,"USA,Canada,UK,Australia,Switzerland,Germany,France"
69,startup,learning-zone_skytouch-onepage-bootstrap-responsive-web-template,1.7M,71,1,Three.js|Bootstrap,Bootstrap|Three.js,C,100,500,8,5,4,5.7,"USA,Canada,UK,Australia,Switzerland,Germany,France"
70,portfolio-gallery,learning-zone_me-resume-personal-portfolio-responsive-template,1.6M,51,1,Three.js|Bootstrap,Bootstrap|Three.js,C,100,500,8,5,4,5.7,"USA,Canada,UK,Australia,Switzerland,Germany,France"
71,education-school,learning-zone_mentor-free-html5-bootstrap-coming-soon-template,1.3M,55,1,Three.js|Bootstrap,Bootstrap|Three.js,C,100,500,8,5,4,5.7,"USA,Canada,UK,Australia,Switzerland,Germany,France"
72,cafe-restaurant,themewagon_yummy,19.1M,141,2,Bootstrap,Bootstrap,B,500,2000,5,5,6,5.3,"USA,Canada,UK,Australia,France,Switzerland,Germany"
73,wedding-planning,wedding-site-template,17.2M,164,1,Bootstrap,Bootstrap,B,500,2000,5,5,6,5.3,"USA,Canada,UK,Australia,Switzerland,Germany,France"
74,salon,Salon,16.3M,96,1,Bootstrap,Bootstrap,B,500,2000,5,5,6,5.3,"USA,Canada,UK,Australia,Switzerland,Germany,France"
75,ecommerce-shop,ShopGrids,15.6M,58,1,Bootstrap,Bootstrap,B,500,2000,5,5,6,5.3,"USA,Canada,UK,Australia,Switzerland,Germany,France"
76,hotel-travel,Hotel-Website-Template,12.9M,45,3,Static,Static,B,500,2000,5,5,6,5.3,"USA,Canada,UK,Australia,Switzerland,Germany,France"
77,cafe-restaurant,Grilli--Restaurant-Website,10.3M,79,1,Static,Static,B,500,2000,5,5,6,5.3,"USA,Canada,UK,Australia,France,Switzerland,Germany"
78,agency-business,ryan_agency,7.2M,159,1,Static,Static,B,500,2000,5,5,6,5.3,"USA,Canada,UK,Australia,Switzerland,Germany,France"
79,restaurant-cafe,collections_aditya8Raj_restaurant,5.5M,53,1,Static,Static,B,500,2000,5,5,6,5.3,"USA,Canada,UK,Australia,Switzerland,Germany,France"
80,architecture,themewagon_archi,5.3M,81,1,Bootstrap,Bootstrap,B,500,2000,5,5,6,5.3,"USA,Canada,UK,Australia,Germany,Switzerland,France"
81,ecommerce-shop,Tailstore,4.1M,91,7,Tailwind,Tailwind,C,100,500,5,6,4,5.0,"USA,Canada,UK,Australia,Switzerland,Germany,France"
82,daycare-babysitting,delight-multi-purpose,3.9M,72,6,Bootstrap,Bootstrap,C,100,500,5,6,4,5.0,"USA,Canada,UK,Australia,Switzerland,Germany,France"
83,education-school,learning-zone_school-educational-html5-template,3.8M,77,6,Bootstrap,Bootstrap,C,100,500,5,6,4,5.0,"USA,Canada,UK,Australia,Switzerland,Germany,France"
84,real-estate,learning-zone_icon-real-estate-developers-free-responsive-html-template,3.6M,80,7,Bootstrap,Bootstrap,C,100,500,5,6,4,5.0,"USA,Canada,UK,Australia,Switzerland,Germany,France"
85,hvac,everest-corporate,3.6M,72,6,Bootstrap,Bootstrap,C,100,500,5,6,4,5.0,"USA,Canada,UK,Australia,Switzerland,Germany,France"
86,startup,learning-zone_rider-free-multi-purpose-bootstrap-template,3.5M,82,7,Bootstrap,Bootstrap,C,100,500,5,6,4,5.0,"USA,Canada,UK,Australia,Switzerland,Germany,France"
87,printing-press,swifty-business,3.5M,75,6,Bootstrap,Bootstrap,C,100,500,5,6,4,5.0,"USA,Canada,UK,Australia,Switzerland,Germany,France"
88,logistics,swifty-business,3.5M,75,6,Bootstrap,Bootstrap,C,100,500,5,6,4,5.0,"USA,Canada,UK,Australia,Switzerland,Germany,France"
89,agency-business,learning-zone_swifty-business-html5-website-template,3.5M,75,6,Bootstrap,Bootstrap,C,100,500,5,6,4,5.0,"USA,Canada,UK,Australia,Switzerland,Germany,France"
90,veterinarian,touch-hospital-medical,3.4M,88,7,Bootstrap,Bootstrap,C,100,500,5,6,4,5.0,"USA,Canada,UK,Australia,Switzerland,Germany,France"
91,hospital,learning-zone_touch-hospital-medical-bootstrap-html5-template,3.4M,88,7,Bootstrap,Bootstrap,C,100,500,5,6,4,5.0,"USA,Canada,UK,Australia,Switzerland,Germany,France"
92,real-estate,learning-zone_park-city-bootstrap-html-real-estate-responsive-template,3.3M,69,6,Bootstrap,Bootstrap,C,100,500,5,6,4,5.0,"USA,Canada,UK,Australia,Switzerland,Germany,France"
93,moving-storage,kavin-corporate,3.2M,72,6,Bootstrap,Bootstrap,C,100,500,5,6,4,5.0,"USA,Canada,UK,Australia,Switzerland,Germany,France"
94,agency-business,learning-zone_kavin-corporate-bootstrap-responsive-web-template,3.2M,72,6,Bootstrap,Bootstrap,C,100,500,5,6,4,5.0,"USA,Canada,UK,Australia,Switzerland,Germany,France"
95,courier,creative-bee-corporate,3.2M,71,6,Bootstrap,Bootstrap,C,100,500,5,6,4,5.0,"USA,Canada,UK,Australia,Switzerland,Germany,France"
96,mechanic,dawidolko_car_care_auto,3.1M,72,6,Bootstrap,Bootstrap,C,100,500,5,6,4,5.0,"USA,Canada,UK,Australia,Germany,Switzerland,France"
97,transportation-taxi,moto-business,3.1M,72,6,Bootstrap,Bootstrap,C,100,500,5,6,4,5.0,"USA,Canada,UK,Australia,Switzerland,Germany,France"
98,logistics,moto-business,3.1M,72,6,Bootstrap,Bootstrap,C,100,500,5,6,4,5.0,"USA,Canada,UK,Australia,Switzerland,Germany,France"
99,automotive-car,learning-zone_moto-business-html5-responsive-web-template,3.1M,72,6,Bootstrap,Bootstrap,C,100,500,5,6,4,5.0,"USA,Canada,UK,Australia,Germany,Switzerland,France"
100,seo,retro-consulting,3.0M,66,9,Bootstrap,Bootstrap,C,100,500,5,6,4,5.0,"USA,Canada,UK,Australia,Switzerland,Germany,France"
101,consulting,learning-zone_retro-free-consulting-responsive-html5-website-template,3.0M,66,9,Bootstrap,Bootstrap,C,100,500,5,6,4,5.0,"USA,Canada,UK,Australia,Switzerland,Germany,France"
102,veterinarian,vcare-hospital,2.9M,72,6,Bootstrap,Bootstrap,C,100,500,5,6,4,5.0,"USA,Canada,UK,Australia,Switzerland,Germany,France"
103,hospital,learning-zone_vcare-free-html5-template-hospital-website,2.9M,72,6,Bootstrap,Bootstrap,C,100,500,5,6,4,5.0,"USA,Canada,UK,Australia,Switzerland,Germany,France"
104,startup,learning-zone_target-multipurpose-free-bootstrap-responsive-template,2.9M,68,6,Bootstrap,Bootstrap,C,100,500,5,6,4,5.0,"USA,Canada,UK,Australia,Switzerland,Germany,France"
105,packaging,target-multipurpose,2.9M,68,6,Bootstrap,Bootstrap,C,100,500,5,6,4,5.0,"USA,Canada,UK,Australia,Switzerland,Germany,France"
106,seo,ninja-business-consulting,2.8M,72,6,Bootstrap,Bootstrap,C,100,500,5,6,4,5.0,"USA,Canada,UK,Australia,Switzerland,Germany,France"
107,consulting,learning-zone_ninja-business-consulting-html-responsive-web-template,2.8M,72,6,Bootstrap,Bootstrap,C,100,500,5,6,4,5.0,"USA,Canada,UK,Australia,Switzerland,Germany,France"
108,startup,learning-zone_vone-free-business-html5-responsive-website,2.8M,65,9,Bootstrap,Bootstrap,C,100,500,5,6,4,5.0,"USA,Canada,UK,Australia,Switzerland,Germany,France"
109,pet-care,vone-free-business,2.8M,65,9,Bootstrap,Bootstrap,C,100,500,5,6,4,5.0,"USA,Canada,UK,Australia,Switzerland,Germany,France"
110,cctv-security,basic-free-html5,2.7M,69,6,Bootstrap,Bootstrap,C,100,500,5,6,4,5.0,"USA,Canada,UK,Australia,Switzerland,Germany,France"
111,gardening-landscaping,styleinn-interior-design,2.6M,81,7,Bootstrap,Bootstrap,C,100,500,5,6,4,5.0,"USA,Canada,UK,Australia,Switzerland,Germany,France"
112,furniture-interior,learning-zone_styleinn-bootstrap-interior-design-website-template,2.6M,81,7,Bootstrap,Bootstrap,C,100,500,5,6,4,5.0,"USA,Canada,UK,Australia,Switzerland,Germany,France"
113,pet-animal,vteam-corporate,2.6M,62,7,Bootstrap,Bootstrap,C,100,500,5,6,4,5.0,"USA,Canada,UK,Australia,Switzerland,Germany,France"
114,agency-business,learning-zone_vteam-a-corporate-multipurpose-free-bootstrap-responsive-template,2.6M,62,7,Bootstrap,Bootstrap,C,100,500,5,6,4,5.0,"USA,Canada,UK,Australia,Switzerland,Germany,France"
115,education-school,learning-zone_learn-educational-free-responsive-web-template,2.3M,63,7,Bootstrap,Bootstrap,C,100,500,5,6,4,5.0,"USA,Canada,UK,Australia,Switzerland,Germany,France"
116,portfolio-gallery,learning-zone_html5-portfolio,2.3M,68,6,Static,Static,C,100,500,5,6,4,5.0,"USA,Canada,UK,Australia,Switzerland,Germany,France"
117,charity-nonprofit,collections_aditya8Raj_Charitize,2.3M,57,8,Bootstrap,Bootstrap,C,100,500,5,6,4,5.0,"USA,Canada,UK,Australia,Switzerland,Germany,France"
118,gardening-landscaping,interio,1.9M,70,5,Static,Static,C,100,500,5,6,4,5.0,"USA,Canada,UK,Australia,Switzerland,Germany,France"
119,photography-videography,photo-art,1.4M,83,7,Static,Static,C,100,500,5,6,4,5.0,"USA,Canada,UK,Australia,Switzerland,Germany,France"
120,photography,learning-zone_photo-art,1.4M,83,7,Static,Static,C,100,500,5,6,4,5.0,"USA,Canada,UK,Australia,Switzerland,Germany,France"
121,photography-videography,photo-style-two,987.2K,28,5,Static,Static,C,100,500,5,6,4,5.0,"USA,Canada,UK,Australia,Switzerland,Germany,France"
122,photography,learning-zone_photo-style-two,987.2K,28,5,Static,Static,C,100,500,5,6,4,5.0,"USA,Canada,UK,Australia,Switzerland,Germany,France"
123,portfolio-gallery,learning-zone_my-portfolio-two,788.4K,24,5,Static,Static,C,100,500,5,6,4,5.0,"USA,Canada,UK,Australia,Switzerland,Germany,France"
124,photography-videography,scenic-photo,514.2K,22,5,Static,Static,C,100,500,5,6,4,5.0,"USA,Canada,UK,Australia,Switzerland,Germany,France"
125,photography,learning-zone_scenic-photo,514.2K,22,5,Static,Static,C,100,500,5,6,4,5.0,"USA,Canada,UK,Australia,Switzerland,Germany,France"
126,technology-saas,freecssdesigns_pulse-analytics,221.0K,11,5,Static,Static,C,100,500,5,6,4,5.0,"USA,Canada,UK,Australia,Switzerland,Germany,France"
127,insurance,freecssdesigns_chain_vault,202.3K,11,5,Static,Static,C,100,500,5,6,4,5.0,"USA,Canada,UK,Australia,Switzerland,Germany,France"
128,resort,freecssdesigns_azure_tide_resort,137.4K,11,5,Static,Static,C,100,500,5,6,4,5.0,"USA,Canada,UK,Australia,Switzerland,Germany,France"
129,church-religious,freecssdesigns_Church,124.6K,10,5,Static,Static,C,100,500,5,6,4,5.0,"USA,Canada,UK,Australia,Switzerland,Germany,France"
130,photography,freecssdesigns_galerie-lumen,115.9K,11,5,Static,Static,C,100,500,5,6,4,5.0,"USA,Canada,UK,Australia,Switzerland,Germany,France"
131,hospital,assets,13.0M,122,0,Bootstrap,Bootstrap,C,100,500,5,5,4,4.7,"USA,Canada,UK,Australia,Switzerland,Germany,France"
132,gardening-landscaping,smart-interior-designs,4.5M,99,1,Bootstrap,Bootstrap,C,100,500,5,5,4,4.7,"USA,Canada,UK,Australia,Switzerland,Germany,France"
133,furniture-interior,learning-zone_smart-interior-designs-html5-bootstrap-web-template,4.5M,99,1,Bootstrap,Bootstrap,C,100,500,5,5,4,4.7,"USA,Canada,UK,Australia,Switzerland,Germany,France"
134,mobile,learning-zone_smartapp-free-html5-landing-page,4.4M,71,1,Bootstrap,Bootstrap,C,100,500,5,5,4,4.7,"USA,Canada,UK,Australia,Switzerland,Germany,France"
135,cv-resume,learning-zone_iam-html5-responsive-portfolio-resume-template,4.3M,90,1,Bootstrap,Bootstrap,C,100,500,5,5,4,4.7,"USA,Canada,UK,Australia,Switzerland,Germany,France"
136,yoga-wellness,fit-healthy-fitness,4.3M,76,1,Bootstrap,Bootstrap,C,100,500,5,5,4,4.7,"USA,Canada,UK,Australia,Switzerland,Germany,France"
137,yoga,fit-healthy-fitness,4.3M,76,1,Bootstrap,Bootstrap,C,100,500,5,5,4,4.7,"USA,Canada,UK,Australia,Switzerland,Germany,France"
138,meditation,fit-healthy-fitness,4.3M,76,1,Bootstrap,Bootstrap,C,100,500,5,5,4,4.7,"USA,Canada,UK,Australia,Switzerland,Germany,France"
139,gym-fitness,learning-zone_fit-healthy-fitness-and-gym-html5-bootstrap-theme,4.3M,76,1,Bootstrap,Bootstrap,C,100,500,5,5,4,4.7,"USA,Canada,UK,Australia,Switzerland,Germany,France"
140,mechanic,dawidolko_car_repair,4.1M,76,1,Bootstrap,Bootstrap,C,100,500,5,5,4,4.7,"USA,Canada,UK,Australia,Germany,Switzerland,France"
141,agency-business,learning-zone_startbootstrap-agency-1.0.2,4.0M,85,1,Bootstrap,Bootstrap,C,100,500,5,5,4,4.7,"USA,Canada,UK,Australia,Switzerland,Germany,France"
142,wedding-planning,learning-zone_lovely-wedding-bootstrap-free-website-template,3.8M,50,1,Bootstrap,Bootstrap,C,100,500,5,5,4,4.7,"USA,Canada,UK,Australia,Switzerland,Germany,France"
143,creative,collections_aditya8Raj_handmadeProducts,3.6M,32,1,Static,Static,C,100,500,5,5,4,4.7,"USA,Canada,UK,Australia,Switzerland,Germany,France"
144,photography-videography,amaze-photography-bootstrap-html5-template,3.6M,61,1,Bootstrap,Bootstrap,C,100,500,5,5,4,4.7,"USA,Canada,UK,Australia,Switzerland,Germany,France"
145,attorney,avenger-multi-purpose,3.5M,75,1,Bootstrap,Bootstrap,C,100,500,5,5,4,4.7,"USA,Canada,UK,Australia,Switzerland,Germany,France"
146,transportation-taxi,car-zone,3.5M,53,1,Bootstrap,Bootstrap,C,100,500,5,5,4,4.7,"USA,Canada,UK,Australia,Switzerland,Germany,France"
147,hvac,enlive-corporate,3.5M,96,1,Bootstrap,Bootstrap,C,100,500,5,5,4,4.7,"USA,Canada,UK,Australia,Switzerland,Germany,France"
148,gardening-landscaping,relax-interior,3.4M,57,1,Bootstrap,Bootstrap,C,100,500,5,5,4,4.7,"USA,Canada,UK,Australia,Switzerland,Germany,France"
149,furniture-interior,learning-zone_relax-interior-free-bootstrap-responsive-website-template,3.4M,57,1,Bootstrap,Bootstrap,C,100,500,5,5,4,4.7,"USA,Canada,UK,Australia,Switzerland,Germany,France"
150,pet-care,businessr-corporate,3.3M,57,2,Bootstrap,Bootstrap,C,100,500,5,5,4,4.7,"USA,Canada,UK,Australia,Switzerland,Germany,France"
151,parenting,team-business,3.2M,86,1,Bootstrap,Bootstrap,C,100,500,5,5,4,4.7,"USA,Canada,UK,Australia,Switzerland,Germany,France"
152,agency-business,learning-zone_team-business-flat-bootstrap-html5-template,3.2M,86,1,Bootstrap,Bootstrap,C,100,500,5,5,4,4.7,"USA,Canada,UK,Australia,Switzerland,Germany,France"
153,education-school,learning-zone_victory-educational-institution-free-html5-bootstrap-template,3.2M,75,1,Bootstrap,Bootstrap,C,100,500,5,5,4,4.7,"USA,Canada,UK,Australia,Switzerland,Germany,France"
154,printing-press,vibe-corporate,3.2M,84,1,Bootstrap,Bootstrap,C,100,500,5,5,4,4.7,"USA,Canada,UK,Australia,Switzerland,Germany,France"
155,agency-business,learning-zone_vibe-free-html5-template-for-corporate-website,3.2M,84,1,Bootstrap,Bootstrap,C,100,500,5,5,4,4.7,"USA,Canada,UK,Australia,Switzerland,Germany,France"
156,gym-fitness,mianali_gym,3.1M,56,1,Bootstrap,Bootstrap,C,100,500,5,5,4,4.7,"USA,Canada,UK,Australia,Switzerland,Germany,France"
157,technology-saas,learning-zone_idata-hosting-free-bootstrap-responsive-website-template,3.0M,85,1,Bootstrap,Bootstrap,C,100,500,5,5,4,4.7,"USA,Canada,UK,Australia,Switzerland,Germany,France"
158,cv-resume,learning-zone_john-bootstrap-one-page-html5-free-resume-template,2.9M,58,1,Bootstrap,Bootstrap,C,100,500,5,5,4,4.7,"USA,Canada,UK,Australia,Switzerland,Germany,France"
159,startup,learning-zone_rocket-business-bootstrap-free-responsive-web-theme,2.9M,58,1,Bootstrap,Bootstrap,C,100,500,5,5,4,4.7,"USA,Canada,UK,Australia,Switzerland,Germany,France"
160,packaging,rocket-business,2.9M,58,1,Bootstrap,Bootstrap,C,100,500,5,5,4,4.7,"USA,Canada,UK,Australia,Switzerland,Germany,France"
161,cv-resume,learning-zone_johndoe-portfolio-resume-bootstrap-template,2.9M,89,1,Bootstrap,Bootstrap,C,100,500,5,5,4,4.7,"USA,Canada,UK,Australia,Switzerland,Germany,France"
162,daycare-babysitting,elegant-free-multi-purpose,2.9M,85,1,Bootstrap,Bootstrap,C,100,500,5,5,4,4.7,"USA,Canada,UK,Australia,Switzerland,Germany,France"
163,photography-videography,iclick-photography-bootstrap-free-website-template,2.8M,56,1,Bootstrap,Bootstrap,C,100,500,5,5,4,4.7,"USA,Canada,UK,Australia,Switzerland,Germany,France"
164,photography,learning-zone_iclick-photography-bootstrap-free-website-template,2.8M,56,1,Bootstrap,Bootstrap,C,100,500,5,5,4,4.7,"USA,Canada,UK,Australia,Switzerland,Germany,France"
165,portfolios,Dopefolio,2.8M,60,4,Static,Static,C,100,500,5,5,4,4.7,"USA,Canada,UK,Australia,Switzerland,Germany,France"
166,portfolio-gallery,learning-zone_wow-portfolio-multi-purpose-html5-template,2.7M,55,1,Bootstrap,Bootstrap,C,100,500,5,5,4,4.7,"USA,Canada,UK,Australia,Switzerland,Germany,France"
167,party,trendy-free,2.7M,54,1,Bootstrap,Bootstrap,C,100,500,5,5,4,4.7,"USA,Canada,UK,Australia,Switzerland,Germany,France"
168,creative,learning-zone_trendy-free-bootstrap-responsive-website-template,2.7M,54,1,Bootstrap,Bootstrap,C,100,500,5,5,4,4.7,"USA,Canada,UK,Australia,Switzerland,Germany,France"
169,yoga-wellness,aroma-beauty-and-spa,2.7M,88,1,Bootstrap,Bootstrap,C,100,500,5,5,4,4.7,"USA,Canada,UK,Australia,Switzerland,Germany,France"
170,yoga,aroma-beauty-and-spa,2.7M,88,1,Bootstrap,Bootstrap,C,100,500,5,5,4,4.7,"USA,Canada,UK,Australia,Switzerland,Germany,France"
171,meditation,aroma-beauty-and-spa,2.7M,88,1,Bootstrap,Bootstrap,C,100,500,5,5,4,4.7,"USA,Canada,UK,Australia,Switzerland,Germany,France"
172,jewelry,frames-corporate,2.6M,85,1,Bootstrap,Bootstrap,C,100,500,5,5,4,4.7,"USA,Canada,UK,Australia,Switzerland,France,Germany"
173,parenting,techking-corporate,2.6M,85,1,Bootstrap,Bootstrap,C,100,500,5,5,4,4.7,"USA,Canada,UK,Australia,Switzerland,Germany,France"
174,agency-business,learning-zone_techking-free-html5-template-for-corporate-business,2.6M,85,1,Bootstrap,Bootstrap,C,100,500,5,5,4,4.7,"USA,Canada,UK,Australia,Switzerland,Germany,France"
175,courier,creative-free-business,2.6M,47,1,Bootstrap,Bootstrap,C,100,500,5,5,4,4.7,"USA,Canada,UK,Australia,Switzerland,Germany,France"
176,yoga-wellness,add-life-health-fitness,2.5M,89,1,Bootstrap,Bootstrap,C,100,500,5,5,4,4.7,"USA,Canada,UK,Australia,Switzerland,Germany,France"
177,portfolio-gallery,freefolio_ingolfur,2.5M,21,1,Static,Static,C,100,500,5,5,4,4.7,"USA,Canada,UK,Australia,Switzerland,Germany,France"
178,freelance-creative,freefolio_ingolfur,2.5M,21,1,Static,Static,C,100,500,5,5,4,4.7,"USA,Canada,UK,Australia,Switzerland,Germany,France"
179,real-estate,sadee_realvine,2.4M,44,1,Static,Static,C,100,500,5,5,4,4.7,"USA,Canada,UK,Australia,Switzerland,Germany,France"
180,cafe-restaurant,collections_aditya8Raj_coffeeShop,2.3M,38,1,Static,Static,C,100,500,5,5,4,4.7,"USA,Canada,UK,Australia,France,Switzerland,Germany"
181,gaming,Tic Tac Toe,2.2M,8,1,Bootstrap,Bootstrap,C,100,500,5,5,4,4.7,"USA,Canada,UK,Australia,Switzerland,Germany,France"
182,tourism,collections_aditya8Raj_travelAgency,2.2M,26,1,Static,Static,C,100,500,5,5,4,4.7,"USA,Canada,UK,Australia,France,Switzerland,Germany"
183,spa-beauty,Responsive-Beauty-Salon-or-Spa-Website-HTML-CSS-JavaScript,2.0M,60,1,Static,Static,C,100,500,5,5,4,4.7,"USA,Canada,UK,Australia,Switzerland,Germany,France"
184,startup,learning-zone_midway-free-html5-website-template-for-multi-purpose,2.0M,47,1,Bootstrap,Bootstrap,C,100,500,5,5,4,4.7,"USA,Canada,UK,Australia,Switzerland,Germany,France"
185,moving-storage,midway-free,2.0M,47,1,Bootstrap,Bootstrap,C,100,500,5,5,4,4.7,"USA,Canada,UK,Australia,Switzerland,Germany,France"
186,automotive-car,collections_aditya8Raj_carService,2.0M,33,1,Static,Static,C,100,500,5,5,4,4.7,"USA,Canada,UK,Australia,Germany,Switzerland,France"
187,portfolio-gallery,learning-zone_unique-free-responsive-html5-template,1.9M,44,1,Bootstrap,Bootstrap,C,100,500,5,5,4,4.7,"USA,Canada,UK,Australia,Switzerland,Germany,France"
188,wedding-planning,learning-zone_wedding-bells-free-responsive-html5-template,1.8M,34,1,Bootstrap,Bootstrap,C,100,500,5,5,4,4.7,"USA,Canada,UK,Australia,Switzerland,Germany,France"
189,portfolio-gallery,learning-zone_startbootstrap-stylish-portfolio-1.0.2,1.8M,53,1,Bootstrap,Bootstrap,C,100,500,5,5,4,4.7,"USA,Canada,UK,Australia,Switzerland,Germany,France"
190,portfolio-gallery,collections_aditya8Raj_personalPortfolio,1.8M,45,1,Bootstrap,Bootstrap,C,100,500,5,5,4,4.7,"USA,Canada,UK,Australia,Switzerland,Germany,France"
191,education-school,collections_aditya8Raj_educational,1.7M,30,1,Static,Static,C,100,500,5,5,4,4.7,"USA,Canada,UK,Australia,Switzerland,Germany,France"
192,portfolio-gallery,learning-zone_startbootstrap-freelancer-1.0.2,1.7M,64,1,Bootstrap,Bootstrap,C,100,500,5,5,4,4.7,"USA,Canada,UK,Australia,Switzerland,Germany,France"
193,freelance-creative,dawidolko_freelancer,1.7M,64,1,Bootstrap,Bootstrap,C,100,500,5,5,4,4.7,"USA,Canada,UK,Australia,Switzerland,Germany,France"
194,salon,collections_aditya8Raj_salone,1.7M,28,1,Static,Static,C,100,500,5,5,4,4.7,"USA,Canada,UK,Australia,Switzerland,Germany,France"
195,portfolios,portfolio-html,1.7M,69,1,Static,Static,C,100,500,5,5,4,4.7,"USA,Canada,UK,Australia,Switzerland,Germany,France"
196,accountant-finance,dist,1.5M,22,1,Static,Static,C,100,500,5,5,4,4.7,"USA,Canada,UK,Australia,Switzerland,Germany,France"
197,portfolios,devportfolio-Ryan,1.5M,51,0,Static,Static,C,100,500,5,5,4,4.7,"USA,Canada,UK,Australia,Switzerland,Germany,France"
198,dental,collections_aditya8Raj_dentalServices,1.5M,24,1,Static,Static,C,100,500,5,5,4,4.7,"USA,Canada,UK,Australia,Switzerland,Germany,France"
199,technology-saas,learning-zone_tech-city-free-coming-soon-bootstrap-responsive-template,1.4M,29,1,Bootstrap,Bootstrap,C,100,500,5,5,4,4.7,"USA,Canada,UK,Australia,Switzerland,Germany,France"
200,real-estate,collections_aditya8Raj_realEstate,1.4M,23,1,Static,Static,C,100,500,5,5,4,4.7,"USA,Canada,UK,Australia,Switzerland,Germany,France"
201,portfolio-gallery,freefolio_basic,1.3M,18,1,Static,Static,C,100,500,5,5,4,4.7,"USA,Canada,UK,Australia,Switzerland,Germany,France"
202,freelance-creative,freefolio_basic,1.3M,18,1,Static,Static,C,100,500,5,5,4,4.7,"USA,Canada,UK,Australia,Switzerland,Germany,France"
203,dental,collections_aditya8Raj_dental,1.3M,25,1,Static,Static,C,100,500,5,5,4,4.7,"USA,Canada,UK,Australia,Switzerland,Germany,France"
204,marketing-digital,collections_aditya8Raj_marketingAgency,1.3M,21,1,Static,Static,C,100,500,5,5,4,4.7,"USA,Canada,UK,Australia,Switzerland,Germany,France"
205,agency-business,collections_aditya8Raj_businessAgency,1.3M,21,1,Static,Static,C,100,500,5,5,4,4.7,"USA,Canada,UK,Australia,Switzerland,Germany,France"
206,agency-business,collections_aditya8Raj_agencyWebsite,1.1M,31,1,Static,Static,C,100,500,5,5,4,4.7,"USA,Canada,UK,Australia,Switzerland,Germany,France"
207,music-entertainment,collections_aditya8Raj_podcastWebsite,1.1M,21,1,Static,Static,C,100,500,5,5,4,4.7,"USA,Canada,UK,Australia,Switzerland,Germany,France"
208,gaming,Tic Tac Toe Game Template,980.7K,12,0,Static,Static,C,100,500,5,5,4,4.7,"USA,Canada,UK,Australia,Switzerland,Germany,France"
209,gym-fitness,collections_aditya8Raj_fitnessClass,946.8K,33,1,Static,Static,C,100,500,5,5,4,4.7,"USA,Canada,UK,Australia,Switzerland,Germany,France"
210,technology-saas,freefolio_hacker,879.0K,15,1,Static,Static,C,100,500,5,5,4,4.7,"USA,Canada,UK,Australia,Switzerland,Germany,France"
211,freelance-creative,freefolio_hacker,879.0K,15,1,Static,Static,C,100,500,5,5,4,4.7,"USA,Canada,UK,Australia,Switzerland,Germany,France"
212,barber,assets,828.0K,23,0,Static,Static,C,100,500,5,5,4,4.7,"USA,Canada,UK,Australia,Switzerland,Germany,France"
213,medical,collections_aditya8Raj_medicalStore,794.9K,21,1,Static,Static,C,100,500,5,5,4,4.7,"USA,Canada,UK,Australia,Switzerland,Germany,France"
214,freelance-creative,freefolio_plain,791.8K,11,1,Static,Static,C,100,500,5,5,4,4.7,"USA,Canada,UK,Australia,Switzerland,Germany,France"
215,bakery,public,779.6K,10,1,Static,Static,C,100,500,5,5,4,4.7,"USA,Canada,UK,Australia,Switzerland,Germany,France"
216,3d-websites,ParticleGround-Portfolio,687.9K,39,1,Static,Static,C,100,500,5,5,4,4.7,"USA,Canada,UK,Australia,Switzerland,Germany,France"
217,freelance-creative,freefolio_deepsea,610.4K,16,1,Static,Static,C,100,500,5,5,4,4.7,"USA,Canada,UK,Australia,Switzerland,Germany,France"
218,it-services,collections_aditya8Raj_itAgency,580.1K,23,1,Static,Static,C,100,500,5,5,4,4.7,"USA,Canada,UK,Australia,Switzerland,Germany,France"
219,freelance-creative,freefolio_classic,502.8K,7,1,Static,Static,C,100,500,5,5,4,4.7,"USA,Canada,UK,Australia,Switzerland,Germany,France"
220,freelance-creative,freefolio_outlines,419.6K,25,1,Static,Static,C,100,500,5,5,4,4.7,"USA,Canada,UK,Australia,Switzerland,Germany,France"
221,portfolios,WowFolio,403.2K,41,1,Static,Static,C,100,500,5,5,4,4.7,"USA,Canada,UK,Australia,Switzerland,Germany,France"
222,law-legal,src,379.3K,23,0,Static,Static,C,100,500,5,5,4,4.7,"USA,Canada,UK,Australia,Switzerland,Germany,France"
223,portfolio-gallery,freefolio_clean,340.9K,7,1,Static,Static,C,100,500,5,5,4,4.7,"USA,Canada,UK,Australia,Switzerland,Germany,France"
224,freelance-creative,freefolio_clean,340.9K,7,1,Static,Static,C,100,500,5,5,4,4.7,"USA,Canada,UK,Australia,Switzerland,Germany,France"
225,freelance-creative,freefolio_dark-hack,327.6K,22,1,Static,Static,C,100,500,5,5,4,4.7,"USA,Canada,UK,Australia,Switzerland,Germany,France"
226,portfolio-gallery,freefolio_beginner,302.6K,15,1,Static,Static,C,100,500,5,5,4,4.7,"USA,Canada,UK,Australia,Switzerland,Germany,France"
227,freelance-creative,freefolio_beginner,302.6K,15,1,Static,Static,C,100,500,5,5,4,4.7,"USA,Canada,UK,Australia,Switzerland,Germany,France"
228,freelance-creative,freefolio_anime,243.1K,8,1,Static,Static,C,100,500,5,5,4,4.7,"USA,Canada,UK,Australia,Switzerland,Germany,France"
229,creative,freefolio_anime,243.1K,8,1,Static,Static,C,100,500,5,5,4,4.7,"USA,Canada,UK,Australia,Switzerland,Germany,France"
230,freelance-creative,freefolio_indify,237.1K,11,1,Static,Static,C,100,500,5,5,4,4.7,"USA,Canada,UK,Australia,Switzerland,Germany,France"
231,gaming,Rock Paper Scissor,209.9K,8,1,Static,Static,C,100,500,5,5,4,4.7,"USA,Canada,UK,Australia,Switzerland,Germany,France"
232,gaming,mole game,111.8K,5,1,Static,Static,C,100,500,5,5,4,4.7,"USA,Canada,UK,Australia,Switzerland,Germany,France"
233,gaming,Dice Game challenge,98.1K,9,0,Static,Static,D,0,100,5,5,3,4.3,"USA,Canada,UK,Australia,Switzerland,Germany,France"
234,gaming,Comic book template,88.9K,6,1,Bootstrap,Bootstrap,D,0,100,5,5,3,4.3,"USA,Canada,UK,Australia,Switzerland,Germany,France"
235,home-decor,freecssdesigns_maison_lumiere,86.9K,1,1,Static,Static,D,0,100,5,5,3,4.3,"USA,Canada,UK,Australia,Switzerland,Germany,France"
236,freelance-creative,freecssdesigns_domaine_noir,86.7K,10,4,Static,Static,D,0,100,5,5,3,4.3,"USA,Canada,UK,Australia,Switzerland,Germany,France"
237,gaming,Hangman Game,76.9K,13,1,Bootstrap,Bootstrap,D,0,100,5,5,3,4.3,"USA,Canada,UK,Australia,Switzerland,Germany,France"
238,freelance-creative,freecssdesigns_atelier_noir,75.8K,1,1,Static,Static,D,0,100,5,5,3,4.3,"USA,Canada,UK,Australia,Switzerland,Germany,France"
239,creative,freecssdesigns_atelier-noir,75.8K,1,1,Static,Static,D,0,100,5,5,3,4.3,"USA,Canada,UK,Australia,Switzerland,Germany,France"
240,freelance-creative,freefolio_simple,69.0K,4,1,Static,Static,D,0,100,5,5,3,4.3,"USA,Canada,UK,Australia,Switzerland,Germany,France"
241,bakery,src,68.5K,21,0,Static,Static,D,0,100,5,5,3,4.3,"USA,Canada,UK,Australia,Switzerland,Germany,France"
242,dental,freecssdesigns_bright-smile-dental,66.2K,1,1,Static,Static,D,0,100,5,5,3,4.3,"USA,Canada,UK,Australia,Switzerland,Germany,France"
243,home-decor,freecssdesigns_lux_remodel,61.0K,1,1,Static,Static,D,0,100,5,5,3,4.3,"USA,Canada,UK,Australia,Switzerland,Germany,France"
244,startup,freecssdesigns_launchwave,59.1K,1,1,Static,Static,D,0,100,5,5,3,4.3,"USA,Canada,UK,Australia,Switzerland,Germany,France"
245,plumber-electrician,freecssdesigns_trueflow_plumbing,53.7K,1,1,Static,Static,D,0,100,5,5,3,4.3,"USA,Canada,UK,Australia,Switzerland,Germany,France"
246,agency-business,freecssdesigns_ashford-sterling,50.6K,1,1,Static,Static,D,0,100,5,5,3,4.3,"USA,Canada,UK,Australia,Switzerland,Germany,France"
247,blog-magazine,freecssdesigns_the-sharp-end,49.8K,1,1,Static,Static,D,0,100,5,5,3,4.3,"USA,Canada,UK,Australia,Switzerland,Germany,France"
248,freelance-creative,freecssdesigns_verso_studio,48.8K,1,1,Static,Static,D,0,100,5,5,3,4.3,"USA,Canada,UK,Australia,Switzerland,Germany,France"
249,creative,freecssdesigns_verso-studio,48.8K,1,1,Static,Static,D,0,100,5,5,3,4.3,"USA,Canada,UK,Australia,Switzerland,Germany,France"
250,freelance-creative,freefolio_aurora,45.1K,2,1,Static,Static,D,0,100,5,5,3,4.3,"USA,Canada,UK,Australia,Switzerland,Germany,France"
251,creative,freefolio_aurora,45.1K,2,1,Static,Static,D,0,100,5,5,3,4.3,"USA,Canada,UK,Australia,Switzerland,Germany,France"
252,gaming,flappy bird,43.2K,4,1,Bootstrap,Bootstrap,D,0,100,5,5,3,4.3,"USA,Canada,UK,Australia,Switzerland,Germany,France"
253,organic,learning-zone_greenery,41.7K,16,2,Static,Static,D,0,100,5,5,3,4.3,"USA,Canada,UK,Australia,Switzerland,Germany,France"
254,celebration,freecssdesigns_wub_fest,39.6K,1,1,Static,Static,D,0,100,5,5,3,4.3,"USA,Canada,UK,Australia,Switzerland,Germany,France"
255,portfolio-gallery,freecssdesigns_noir-portfolio,26.4K,1,1,Static,Static,D,0,100,5,5,3,4.3,"USA,Canada,UK,Australia,Switzerland,Germany,France"
256,freelance-creative,freecssdesigns_noir_portfolio,26.4K,1,1,Static,Static,D,0,100,5,5,3,4.3,"USA,Canada,UK,Australia,Switzerland,Germany,France"
257,portfolio-gallery,freefolio_flower,22.9K,2,1,Static,Static,D,0,100,5,5,3,4.3,"USA,Canada,UK,Australia,Switzerland,Germany,France"
258,freelance-creative,freefolio_flower,22.9K,2,1,Static,Static,D,0,100,5,5,3,4.3,"USA,Canada,UK,Australia,Switzerland,Germany,France"
259,law-legal,public,18.3K,2,0,Static,Static,D,0,100,5,5,3,4.3,"USA,Canada,UK,Australia,Switzerland,Germany,France"
260,gaming,Memory-Game,15.8K,2,1,Static,Static,D,0,100,5,5,3,4.3,"USA,Canada,UK,Australia,Switzerland,Germany,France"
261,gaming,BrickBreaker,8.4K,9,0,Static,Static,D,0,100,5,5,3,4.3,"USA,Canada,UK,Australia,Switzerland,Germany,France"
262,freelance-creative,freefolio_easy,6.8K,4,1,Static,Static,D,0,100,5,5,3,4.3,"USA,Canada,UK,Australia,Switzerland,Germany,France"
263,hospital,forms,3.1K,3,0,Static,Static,D,0,100,5,5,3,4.3,"USA,Canada,UK,Australia,Switzerland,Germany,France"
